field,null_pct
year,1.293103448275862
doi,25.718390804597703
journal,10.775862068965516
keywords,43.82183908045977
authors,0.14367816091954022
abstract_norm,0.0
