,1 - Climate Change,2 - Ocean Acidification,3 - Stratospheric Ozone Depletion,4 - Biogeochemical Flows,5 - Global Freshwater Use,6 - Land System Change,7 - Biosphere Integrity,8 - Novel Entities,9 - Atmospheric Aerosol Loading
1 - Climate Change,1.0,0.65455735,0.7202537,0.69624853,0.8077245,0.84937847,0.7240498,0.47755095,0.60109544
2 - Ocean Acidification,0.65455735,0.9999999,0.59780174,0.85556877,0.8334764,0.53454876,0.5950693,0.33630034,0.4261313
3 - Stratospheric Ozone Depletion,0.7202537,0.59780174,1.0000001,0.69736946,0.6680052,0.5837499,0.42995757,0.39927435,0.8661108
4 - Biogeochemical Flows,0.69624853,0.85556877,0.69736946,1.0000004,0.8960443,0.65757275,0.5719507,0.36964273,0.597679
5 - Global Freshwater Use,0.8077245,0.8334764,0.6680052,0.8960443,0.99999994,0.74358714,0.694369,0.43396854,0.5429505
6 - Land System Change,0.84937847,0.53454876,0.5837499,0.65757275,0.74358714,0.9999999,0.7584388,0.4485648,0.544767
7 - Biosphere Integrity,0.7240498,0.5950693,0.42995757,0.5719507,0.694369,0.7584388,0.9999998,0.45545208,0.31729582
8 - Novel Entities,0.47755095,0.33630034,0.39927435,0.36964273,0.43396854,0.4485648,0.45545208,1.0,0.39418566
9 - Atmospheric Aerosol Loading,0.60109544,0.4261313,0.8661108,0.597679,0.5429505,0.544767,0.31729582,0.39418566,1.0000001
