{
  "top1": {
    "micro_f1": 0.4,
    "macro_f1": 0.2287662954329621,
    "jaccard_samples": 0.3150684931506849,
    "exact_match_ratio": 0.1232876712328767,
    "avg_true_labels": 1.9452054794520548,
    "avg_pred_labels": 1.0,
    "abs_cardinality_error": 0.9452054794520548,
    "lrap": 0.4059829059829057
  },
  "top2": {
    "micro_f1": 0.4166666666666667,
    "macro_f1": 0.25141113653699465,
    "jaccard_samples": 0.2933789954337899,
    "exact_match_ratio": 0.0547945205479452,
    "avg_true_labels": 1.9452054794520548,
    "avg_pred_labels": 2.0,
    "abs_cardinality_error": 0.0547945205479452,
    "lrap": 0.4059829059829057
  },
  "threshold_delta": {
    "tau": 0.2,
    "delta": 0.0,
    "micro_f1": 0.410958904109589,
    "macro_f1": 0.2540124000078234,
    "jaccard_samples": 0.32305936073059366,
    "exact_match_ratio": 0.136986301369863,
    "avg_true_labels": 1.9452054794520548,
    "avg_pred_labels": 1.0547945205479452,
    "abs_cardinality_error": 0.8904109589041096,
    "lrap": 0.4059829059829057
  }
}