{
  "top1": {
    "micro_f1": 0.33488372093023255,
    "macro_f1": 0.3141768728284036,
    "jaccard_samples": 0.2579908675799087,
    "exact_match_ratio": 0.0958904109589041,
    "avg_true_labels": 1.9452054794520548,
    "avg_pred_labels": 1.0,
    "abs_cardinality_error": 0.9452054794520548,
    "lrap": 0.5784676434676435
  },
  "top2": {
    "micro_f1": 0.3819444444444444,
    "macro_f1": 0.3198780898218311,
    "jaccard_samples": 0.27168949771689493,
    "exact_match_ratio": 0.0547945205479452,
    "avg_true_labels": 1.9452054794520548,
    "avg_pred_labels": 2.0,
    "abs_cardinality_error": 0.0547945205479452,
    "lrap": 0.5784676434676435
  },
  "threshold_delta": {
    "tau": 0.2,
    "delta": 0.0,
    "micro_f1": 0.33488372093023255,
    "macro_f1": 0.3141768728284036,
    "jaccard_samples": 0.2579908675799087,
    "exact_match_ratio": 0.0958904109589041,
    "avg_true_labels": 1.9452054794520548,
    "avg_pred_labels": 1.0,
    "abs_cardinality_error": 0.9452054794520548,
    "lrap": 0.5784676434676435
  }
}