{
  "top1": {
    "micro_f1": 0.30697674418604654,
    "macro_f1": 0.25551152334778066,
    "jaccard_samples": 0.23059360730593606,
    "exact_match_ratio": 0.0821917808219178,
    "avg_true_labels": 1.9452054794520548,
    "avg_pred_labels": 1.0,
    "abs_cardinality_error": 0.9452054794520548,
    "lrap": 0.605709706959707
  },
  "top2": {
    "micro_f1": 0.3888888888888889,
    "macro_f1": 0.30839816311772533,
    "jaccard_samples": 0.2819634703196347,
    "exact_match_ratio": 0.0547945205479452,
    "avg_true_labels": 1.9452054794520548,
    "avg_pred_labels": 2.0,
    "abs_cardinality_error": 0.0547945205479452,
    "lrap": 0.605709706959707
  },
  "threshold_delta": {
    "tau": 0.2,
    "delta": 0.01,
    "micro_f1": 0.40441176470588236,
    "macro_f1": 0.30872643030079105,
    "jaccard_samples": 0.2923679060665362,
    "exact_match_ratio": 0.0821917808219178,
    "avg_true_labels": 1.9452054794520548,
    "avg_pred_labels": 1.7808219178082192,
    "abs_cardinality_error": 0.1643835616438356,
    "lrap": 0.605709706959707
  }
}